,Date,Time,ltp,strikeprice,CE_sum,PE_sum,CE_contr,PE_contr
0,26-02-2024,13:09,46697.3,46700,686823,491382,58.29,41.71
1,26-02-2024,13:11,46712,46700,688975,493073,58.29,41.71
2,26-02-2024,13:11,46740.65,46700,688975,493073,58.29,41.71
3,26-02-2024,13:12,46781.85,46800,636630,521672,54.96,45.04
4,26-02-2024,13:13,46747.2,46700,679589,487900,58.21,41.79
5,26-02-2024,13:14,46795.15,46800,596606,528295,53.04,46.96
6,26-02-2024,13:17,46772.1,46800,596606,528295,53.04,46.96
7,26-02-2024,13:18,46794.15,46800,582429,532488,52.24,47.76
8,26-02-2024,13:20,46775.45,46800,582429,532488,52.24,47.76
9,26-02-2024,13:21,46768.3,46800,586155,534984,52.28,47.72
10,26-02-2024,13:22,46751.1,46800,586155,534984,52.28,47.72
11,26-02-2024,13:24,46723.85,46700,603810,490980,55.15,44.85
12,26-02-2024,13:27,46730.35,46700,603810,490980,55.15,44.85
13,26-02-2024,13:27,46735.65,46700,603810,490980,55.15,44.85
14,26-02-2024,13:29,46750.9,46800,584634,534917,52.22,47.78
15,26-02-2024,13:31,46725.7,46700,609741,494997,55.19,44.81
16,26-02-2024,13:33,46718.15,46700,608630,496150,55.09,44.91
17,26-02-2024,13:35:26,46706.45,46700,608630,496150,55.09,44.91
18,26-02-2024,13:36:13,46707.6,46700,608630,496150,55.09,44.91
19,26-02-2024,13:37:15,46715.1,46700,610934,500038,54.99,45.01
20,26-02-2024,13:38:18,46704.85,46700,610934,500038,54.99,45.01
21,26-02-2024,13:39:40,46708,46700,610934,500038,54.99,45.01
22,26-02-2024,13:40:43,46710.7,46700,618330,501495,55.22,44.78
23,26-02-2024,13:42:05,46673.4,46700,618330,501495,55.22,44.78
24,26-02-2024,13:42:46,46679.6,46700,616004,494383,55.48,44.52
25,26-02-2024,13:45:17,46671.2,46700,616004,494383,55.48,44.52
26,26-02-2024,13:47:01,46667.65,46700,623906,497844,55.62,44.38
27,26-02-2024,13:49:25,46698.8,46700,629204,493735,56.03,43.97
28,26-02-2024,13:51:29,46748.25,46700,629204,493735,56.03,43.97
29,26-02-2024,13:52:50,46729.2,46700,632020,484683,56.6,43.4
30,26-02-2024,13:55:30,46722.5,46700,632507,483438,56.68,43.32
31,26-02-2024,13:57:15,46729.5,46700,632507,483438,56.68,43.32
32,26-02-2024,13:59:19,46697.5,46700,636529,485162,56.75,43.25
33,26-02-2024,14:01:03,46690.4,46700,628841,489184,56.25,43.75
34,26-02-2024,14:03:15,46709.65,46700,628841,489184,56.25,43.75
35,26-02-2024,14:05:20,46708.75,46700,629976,490600,56.22,43.78
36,26-02-2024,14:06:43,46706.7,46700,630464,490762,56.23,43.77
37,26-02-2024,14:09:29,46734.35,46700,630464,490762,56.23,43.77
38,26-02-2024,14:11:53,46736.3,46700,630852,492940,56.14,43.86
39,26-02-2024,14:12:56,46726.7,46700,629115,489914,56.22,43.78
40,26-02-2024,14:15:21,46714.1,46700,629115,489914,56.22,43.78
41,26-02-2024,14:15:42,46720.05,46700,629115,489914,56.22,43.78
42,26-02-2024,14:17:47,46705.6,46700,627429,490438,56.13,43.87
43,26-02-2024,14:19:51,46694.3,46700,624245,491863,55.93,44.07
44,26-02-2024,14:20:32,46708.3,46700,624245,491863,55.93,44.07
45,26-02-2024,14:22:36,46726.15,46700,627844,491105,56.11,43.89
46,26-02-2024,14:24:40,46735.1,46700,631434,492764,56.17,43.83
47,26-02-2024,14:27:29,46750.15,46800,598499,530929,52.99,47.01
48,26-02-2024,14:28:31,46728.3,46700,629064,493255,56.05,43.95
49,26-02-2024,14:32:09,46718.2,46700,627133,495115,55.88,44.12
50,26-02-2024,14:32:51,46743.1,46700,627133,495115,55.88,44.12
51,26-02-2024,14:35:16,46731.15,46700,629507,494247,56.02,43.98
52,26-02-2024,14:37:41,46697.2,46700,630209,490842,56.22,43.78
53,26-02-2024,14:39:03,46696.9,46700,630209,490842,56.22,43.78
54,26-02-2024,14:41:30,46668.9,46700,622264,494200,55.74,44.26
55,26-02-2024,14:42:31,46667.2,46700,619298,490344,55.81,44.19
56,26-02-2024,14:45:18,46665.3,46700,619298,490344,55.81,44.19
57,26-02-2024,14:47:04,46674.35,46700,619752,490942,55.8,44.2
58,26-02-2024,14:48:47,46679.95,46700,620161,488744,55.93,44.07
59,26-02-2024,14:51:14,46646,46600,423358,400284,51.4,48.6
60,26-02-2024,14:51:35,46624.65,46600,412717,392349,51.26,48.74
61,26-02-2024,14:53:00,46619.25,46600,412717,392349,51.26,48.74
62,26-02-2024,14:55:04,46615.8,46600,416044,382893,52.07,47.93
63,26-02-2024,14:55:25,46632.3,46600,416044,382893,52.07,47.93
64,26-02-2024,14:57:30,46625.55,46600,416044,382893,52.07,47.93
65,26-02-2024,14:58:58,46617.05,46600,422959,382585,52.51,47.49
66,26-02-2024,14:59:19,46633.2,46600,422056,383418,52.4,47.6
67,26-02-2024,15:01:26,46617,46600,421212,384066,52.31,47.69
68,26-02-2024,15:02:28,46606.15,46600,421212,384066,52.31,47.69
69,26-02-2024,15:03:10,46589.75,46600,421212,384066,52.31,47.69
70,26-02-2024,15:05:14,46651.8,46700,609868,460804,56.96,43.04
71,26-02-2024,15:07:40,46609.45,46600,416652,370629,52.92,47.08
72,26-02-2024,15:09:03,46603.45,46600,416652,370629,52.92,47.08
73,26-02-2024,15:11:28,46591.8,46600,418068,367491,53.22,46.78
74,26-02-2024,15:12:52,46579.8,46600,411975,363252,53.14,46.86
75,26-02-2024,15:15:17,46579.1,46600,411975,363252,53.14,46.86
76,26-02-2024,15:17:02,46571.55,46600,405693,361042,52.91,47.09
77,26-02-2024,15:17:43,46569.1,46600,406405,360587,52.99,47.01
78,26-02-2024,15:19:29,46567.6,46600,397029,346671,53.39,46.61
79,26-02-2024,15:20:51,46551.1,46600,397029,346671,53.39,46.61
80,26-02-2024,15:22:14,46556,46600,389509,333593,53.87,46.13
81,26-02-2024,15:22:56,46564.3,46600,389509,333593,53.87,46.13
82,26-02-2024,15:25:21,46561.35,46600,379392,324118,53.93,46.07
83,26-02-2024,15:26:44,46548.7,46500,367523,251505,59.37,40.63
84,26-02-2024,15:29:08,46576.7,46600,364893,313695,53.77,46.23
85,26-02-2024,15:31:42,46565.8,46600,360115,308359,53.87,46.13
86,26-02-2024,15:32:03,46553.6,46600,354081,297769,54.32,45.68
87,26-02-2024,15:33:26,46563.75,46600,354081,297769,54.32,45.68
88,26-02-2024,16:44:53,46576.5,46600,354081,297769,54.32,45.68
89,26-02-2024,16:46:02,46576.5,46600,354081,297769,54.32,45.68
90,26-02-2024,16:47:57,46576.5,46600,354081,297769,54.32,45.68
91,26-02-2024,16:48:34,46576.5,46600,354081,297769,54.32,45.68
92,26-02-2024,16:49:10,46576.5,46600,354081,297769,54.32,45.68
93,26-02-2024,16:49:45,46576.5,46600,354081,297769,54.32,45.68
94,26-02-2024,16:50:21,46576.5,46600,354081,297769,54.32,45.68
95,26-02-2024,16:50:56,46576.5,46600,354081,297769,54.32,45.68
96,26-02-2024,16:51:32,46576.5,46600,354081,297769,54.32,45.68
97,26-02-2024,16:54:59,46576.5,46600,354081,297769,54.32,45.68
98,26-02-2024,16:55:36,46576.5,46600,354081,297769,54.32,45.68
99,26-02-2024,16:58:12,46576.5,46600,354081,297769,54.32,45.68
100,26-02-2024,16:58:49,46576.5,46600,354081,297769,54.32,45.68
101,26-02-2024,17:08:05,46576.5,46600,354081,297769,54.32,45.68
102,26-02-2024,17:08:41,46576.5,46600,354081,297769,54.32,45.68
103,26-02-2024,17:09:19,46576.5,46600,354081,297769,54.32,45.68
104,26-02-2024,17:10:50,46576.5,46600,354081,297769,54.32,45.68
105,26-02-2024,17:11:27,46576.5,46600,354081,297769,54.32,45.68
106,26-02-2024,17:26:22,46576.5,46600,354081,297769,54.32,45.68
107,26-02-2024,17:26:59,46576.5,46600,354081,297769,54.32,45.68
108,26-02-2024,17:27:35,46576.5,46600,354081,297769,54.32,45.68
109,26-02-2024,17:28:12,46576.5,46600,354081,297769,54.32,45.68
110,26-02-2024,17:28:48,46576.5,46600,354081,297769,54.32,45.68
111,26-02-2024,17:29:24,46576.5,46600,354081,297769,54.32,45.68
112,26-02-2024,17:29:59,46576.5,46600,354081,297769,54.32,45.68
113,26-02-2024,17:30:35,46576.5,46600,354081,297769,54.32,45.68
114,26-02-2024,17:31:11,46576.5,46600,354081,297769,54.32,45.68
115,26-02-2024,17:31:35,46576.5,46600,354081,297769,54.32,45.68
116,26-02-2024,17:32:12,46576.5,46600,354081,297769,54.32,45.68
117,26-02-2024,17:32:48,46576.5,46600,354081,297769,54.32,45.68
118,26-02-2024,17:33:24,46576.5,46600,354081,297769,54.32,45.68
119,26-02-2024,17:34:00,46576.5,46600,354081,297769,54.32,45.68
120,26-02-2024,17:34:35,46576.5,46600,354081,297769,54.32,45.68
121,26-02-2024,17:35:11,46576.5,46600,354081,297769,54.32,45.68
122,26-02-2024,17:35:51,46576.5,46600,354081,297769,54.32,45.68
123,26-02-2024,17:36:28,46576.5,46600,354081,297769,54.32,45.68
124,26-02-2024,17:37:03,46576.5,46600,354081,297769,54.32,45.68
125,26-02-2024,17:37:39,46576.5,46600,354081,297769,54.32,45.68
126,26-02-2024,17:38:15,46576.5,46600,354081,297769,54.32,45.68
127,26-02-2024,17:38:51,46576.5,46600,354081,297769,54.32,45.68
128,26-02-2024,17:39:27,46576.5,46600,354081,297769,54.32,45.68
129,26-02-2024,17:40:03,46576.5,46600,354081,297769,54.32,45.68
130,26-02-2024,17:40:39,46576.5,46600,354081,297769,54.32,45.68
131,26-02-2024,17:41:15,46576.5,46600,354081,297769,54.32,45.68
132,26-02-2024,17:41:50,46576.5,46600,354081,297769,54.32,45.68
133,26-02-2024,17:42:26,46576.5,46600,354081,297769,54.32,45.68
134,26-02-2024,17:43:03,46576.5,46600,354081,297769,54.32,45.68
135,26-02-2024,17:43:38,46576.5,46600,354081,297769,54.32,45.68
136,26-02-2024,17:44:14,46576.5,46600,354081,297769,54.32,45.68
137,26-02-2024,17:44:50,46576.5,46600,354081,297769,54.32,45.68
138,26-02-2024,17:45:26,46576.5,46600,354081,297769,54.32,45.68
139,26-02-2024,17:46:02,46576.5,46600,354081,297769,54.32,45.68
140,26-02-2024,17:46:38,46576.5,46600,354081,297769,54.32,45.68
141,26-02-2024,17:47:13,46576.5,46600,354081,297769,54.32,45.68
142,26-02-2024,17:47:49,46576.5,46600,354081,297769,54.32,45.68
143,26-02-2024,17:48:25,46576.5,46600,354081,297769,54.32,45.68
144,26-02-2024,17:49:01,46576.5,46600,354081,297769,54.32,45.68
145,26-02-2024,17:49:37,46576.5,46600,354081,297769,54.32,45.68
146,26-02-2024,17:50:12,46576.5,46600,354081,297769,54.32,45.68
147,26-02-2024,17:50:48,46576.5,46600,354081,297769,54.32,45.68
148,26-02-2024,17:51:24,46576.5,46600,354081,297769,54.32,45.68
149,26-02-2024,17:51:34,46576.5,46600,354081,297769,54.32,45.68
150,26-02-2024,17:52:11,46576.5,46600,354081,297769,54.32,45.68
151,26-02-2024,17:52:47,46576.5,46600,354081,297769,54.32,45.68
152,26-02-2024,17:53:23,46576.5,46600,354081,297769,54.32,45.68
153,26-02-2024,17:53:58,46576.5,46600,354081,297769,54.32,45.68
154,26-02-2024,17:54:34,46576.5,46600,354081,297769,54.32,45.68
155,26-02-2024,17:55:10,46576.5,46600,354081,297769,54.32,45.68
156,26-02-2024,17:55:46,46576.5,46600,354081,297769,54.32,45.68
157,26-02-2024,17:56:21,46576.5,46600,354081,297769,54.32,45.68
158,26-02-2024,17:56:57,46576.5,46600,354081,297769,54.32,45.68
159,26-02-2024,17:57:33,46576.5,46600,354081,297769,54.32,45.68
160,26-02-2024,17:58:09,46576.5,46600,354081,297769,54.32,45.68
161,26-02-2024,17:58:29,46576.5,46600,354081,297769,54.32,45.68
162,26-02-2024,17:59:06,46576.5,46600,354081,297769,54.32,45.68
163,26-02-2024,17:59:42,46576.5,46600,354081,297769,54.32,45.68
164,26-02-2024,18:00:26,46576.5,46600,354081,297769,54.32,45.68
165,26-02-2024,18:01:02,46576.5,46600,354081,297769,54.32,45.68
166,26-02-2024,18:01:38,46576.5,46600,354081,297769,54.32,45.68
167,26-02-2024,18:02:14,46576.5,46600,354081,297769,54.32,45.68
168,26-02-2024,18:02:50,46576.5,46600,354081,297769,54.32,45.68
169,26-02-2024,18:03:26,46576.5,46600,354081,297769,54.32,45.68
170,26-02-2024,18:04:03,46576.5,46600,354081,297769,54.32,45.68
171,26-02-2024,18:04:39,46576.5,46600,354081,297769,54.32,45.68
172,26-02-2024,18:05:27,46576.5,46600,354081,297769,54.32,45.68
173,26-02-2024,18:06:02,46576.5,46600,354081,297769,54.32,45.68
174,26-02-2024,18:06:38,46576.5,46600,354081,297769,54.32,45.68
175,26-02-2024,18:07:14,46576.5,46600,354081,297769,54.32,45.68
176,26-02-2024,18:07:50,46576.5,46600,354081,297769,54.32,45.68
177,26-02-2024,18:08:26,46576.5,46600,354081,297769,54.32,45.68
178,26-02-2024,18:09:02,46576.5,46600,354081,297769,54.32,45.68
179,26-02-2024,18:09:37,46576.5,46600,354081,297769,54.32,45.68
180,26-02-2024,18:10:13,46576.5,46600,354081,297769,54.32,45.68
181,26-02-2024,18:10:55,46576.5,46600,354081,297769,54.32,45.68
182,26-02-2024,18:11:33,46576.5,46600,354081,297769,54.32,45.68
183,26-02-2024,18:12:09,46576.5,46600,354081,297769,54.32,45.68
184,26-02-2024,18:12:45,46576.5,46600,354081,297769,54.32,45.68
185,26-02-2024,18:13:21,46576.5,46600,354081,297769,54.32,45.68
186,26-02-2024,18:13:57,46576.5,46600,354081,297769,54.32,45.68
187,26-02-2024,18:14:21,46576.5,46600,354081,297769,54.32,45.68
188,26-02-2024,18:14:59,46576.5,46600,354081,297769,54.32,45.68
189,26-02-2024,18:15:37,46576.5,46600,354081,297769,54.32,45.68
190,26-02-2024,18:16:15,46576.5,46600,354081,297769,54.32,45.68
191,26-02-2024,18:16:51,46576.5,46600,354081,297769,54.32,45.68
192,26-02-2024,18:17:28,46576.5,46600,354081,297769,54.32,45.68
193,26-02-2024,18:18:03,46576.5,46600,354081,297769,54.32,45.68
194,26-02-2024,18:18:40,46576.5,46600,354081,297769,54.32,45.68
195,26-02-2024,18:19:15,46576.5,46600,354081,297769,54.32,45.68
196,26-02-2024,19:27:53,46576.5,46600,354081,297769,54.32,45.68
197,26-02-2024,19:28:31,46576.5,46600,354081,297769,54.32,45.68
198,27-02-2024,15:29:24,46600,46600,411399,409640,50.11,49.89
199,27-02-2024,15:29:34,46597.8,46600,822798,819280,50.11,49.89
200,27-02-2024,15:29:44,46602.45,46600,1234197,1228920,50.11,49.89
201,27-02-2024,15:29:54,46605.8,46600,1645596,1638560,50.11,49.89
202,27-02-2024,15:30:04,46614.25,46600,2056995,2048200,50.11,49.89
203,27-02-2024,15:30:13,46617.5,46600,2468394,2457840,50.11,49.89
204,27-02-2024,15:30:23,46617.5,46600,2879793,2867480,50.11,49.89
205,27-02-2024,15:30:33,46617.5,46600,3291192,3277120,50.11,49.89
206,27-02-2024,15:30:56,46617.5,46600,411399,409640,50.11,49.89
207,27-02-2024,15:31:07,46617.5,46600,411399,409640,50.11,49.89
208,27-02-2024,15:31:17,46617.5,46600,411399,409640,50.11,49.89
209,27-02-2024,15:31:26,46617.5,46600,411399,409640,50.11,49.89
210,27-02-2024,15:31:36,46617.5,46600,411399,409640,50.11,49.89
211,27-02-2024,15:31:45,46617.5,46600,411399,409640,50.11,49.89
212,27-02-2024,15:31:55,46617.5,46600,411399,409640,50.11,49.89
213,27-02-2024,15:32:06,46617.5,46600,411399,409640,50.11,49.89
214,27-02-2024,15:32:16,46617.5,46600,411399,409640,50.11,49.89
215,27-02-2024,15:32:26,46588.05,46600,411399,409640,50.11,49.89
216,27-02-2024,15:32:36,46588.05,46600,411399,409640,50.11,49.89
217,27-02-2024,15:34:48,46588.05,46600,411399,409640,50.11,49.89
218,27-02-2024,15:34:57,46588.05,46600,411399,409640,50.11,49.89
219,27-02-2024,15:35:06,46588.05,46600,411399,409640,50.11,49.89
220,27-02-2024,15:35:28,46588.05,46600,411399,409640,50.11,49.89
221,28-02-2024,11:25:17,46269.6,46300,778561,527987,59.59,40.41
222,28-02-2024,11:28:39,46230.6,46200,673939,515800,56.65,43.35
223,28-02-2024,11:30:39,46236.7,46200,673939,515800,56.65,43.35
224,28-02-2024,11:32:52,46269.1,46300,779904,543697,58.92,41.08
225,28-02-2024,11:56:12,46243.15,46200,712553,521703,57.73,42.27
226,28-02-2024,11:57:13,46240.8,46200,712553,521703,57.73,42.27
227,28-02-2024,11:58:12,46240.95,46200,712553,521703,57.73,42.27
228,28-02-2024,11:59:11,46242.05,46200,722009,519722,58.15,41.85
229,28-02-2024,12:00:12,46251.25,46300,812199,536018,60.24,39.76
230,28-02-2024,12:01:11,46253.3,46300,812199,536018,60.24,39.76
231,28-02-2024,12:02:12,46237.5,46200,732249,507134,59.08,40.92
232,28-02-2024,12:03:11,46208.5,46200,732249,507134,59.08,40.92
233,28-02-2024,12:04:11,46197.7,46200,732249,507134,59.08,40.92
234,28-02-2024,12:05:11,46174.15,46200,749037,485225,60.69,39.31
235,28-02-2024,12:06:11,46170.8,46200,749037,485225,60.69,39.31
236,28-02-2024,12:07:11,46167.05,46200,749037,485225,60.69,39.31
237,28-02-2024,12:08:12,46173.5,46200,759561,501714,60.22,39.78
238,28-02-2024,12:09:11,46203.85,46200,759561,501714,60.22,39.78
239,28-02-2024,12:10:11,46182.05,46200,759561,501714,60.22,39.78
240,28-02-2024,12:11:13,46194.1,46200,759601,495563,60.52,39.48
241,28-02-2024,12:12:11,46210.3,46200,759601,495563,60.52,39.48
242,28-02-2024,12:13:11,46225.4,46200,759601,495563,60.52,39.48
243,28-02-2024,12:14:11,46213.8,46200,760685,501084,60.29,39.71
244,28-02-2024,12:15:14,46237.55,46200,760685,501084,60.29,39.71
245,28-02-2024,12:16:15,46244.9,46200,760685,501084,60.29,39.71
246,28-02-2024,12:17:11,46223.9,46200,760956,507528,59.99,40.01
247,28-02-2024,12:18:13,46235.65,46200,760956,507528,59.99,40.01
248,28-02-2024,12:19:12,46233.7,46200,760956,507528,59.99,40.01
249,28-02-2024,12:20:12,46239.15,46200,762270,518636,59.51,40.49
250,28-02-2024,12:21:13,46239,46200,762270,518636,59.51,40.49
251,28-02-2024,12:22:12,46216.25,46200,762270,518636,59.51,40.49
252,28-02-2024,12:23:11,46223.7,46200,763581,521195,59.43,40.57
253,28-02-2024,12:24:11,46228.45,46200,763581,521195,59.43,40.57
254,28-02-2024,12:25:11,46229.85,46200,763581,521195,59.43,40.57
255,28-02-2024,12:27:11,46210.65,46200,769230,519731,59.68,40.32
256,28-02-2024,12:28:12,46209.5,46200,769230,519731,59.68,40.32
257,28-02-2024,12:29:13,46208.1,46200,774583,507679,60.41,39.59
258,28-02-2024,12:29:14,46208.1,46200,774583,507679,60.41,39.59
259,28-02-2024,12:30:12,46205.25,46200,774583,507679,60.41,39.59
260,28-02-2024,12:30:12,46205.25,46200,774583,507679,60.41,39.59
261,28-02-2024,12:31:13,46202.75,46200,774583,507679,60.41,39.59
262,28-02-2024,12:31:13,46202.75,46200,774583,507679,60.41,39.59
263,28-02-2024,12:32:13,46194.25,46200,778503,509668,60.43,39.57
264,28-02-2024,12:32:13,46194.25,46200,778503,509668,60.43,39.57
265,28-02-2024,12:33:15,46219.6,46200,778503,509668,60.43,39.57
266,28-02-2024,12:33:15,46219.6,46200,778503,509668,60.43,39.57
267,28-02-2024,12:34:12,46233.85,46200,778503,509668,60.43,39.57
268,28-02-2024,12:34:13,46233.85,46200,778503,509668,60.43,39.57
269,28-02-2024,12:35:13,46218.25,46200,778427,503042,60.74,39.26
270,28-02-2024,12:35:13,46218.25,46200,778427,503042,60.74,39.26
271,28-02-2024,12:36:13,46179.75,46200,778427,503042,60.74,39.26
272,28-02-2024,12:36:13,46179.75,46200,778427,503042,60.74,39.26
273,28-02-2024,12:37:12,46213.15,46200,778427,503042,60.74,39.26
274,28-02-2024,12:37:12,46213.15,46200,778427,503042,60.74,39.26
275,28-02-2024,12:38:12,46228.55,46200,779040,500581,60.88,39.12
276,28-02-2024,12:38:12,46228.55,46200,779040,500581,60.88,39.12
277,28-02-2024,12:39:13,46238.5,46200,779040,500581,60.88,39.12
278,28-02-2024,12:39:13,46238.5,46200,779040,500581,60.88,39.12
279,28-02-2024,12:40:13,46241.65,46200,779040,500581,60.88,39.12
280,28-02-2024,12:40:13,46241.65,46200,779040,500581,60.88,39.12
281,28-02-2024,12:41:13,46237.65,46200,791395,509428,60.84,39.16
282,28-02-2024,12:41:13,46237.65,46200,791395,509428,60.84,39.16
283,28-02-2024,12:42:13,46247.25,46200,791395,509428,60.84,39.16
284,28-02-2024,12:42:14,46247.25,46200,791395,509428,60.84,39.16
285,28-02-2024,12:43:18,46250.15,46300,869161,523351,62.42,37.58
286,28-02-2024,12:43:18,46250.15,46300,869161,523351,62.42,37.58
287,28-02-2024,12:44:12,46244.65,46200,794998,513106,60.77,39.23
288,28-02-2024,12:44:12,46244.65,46200,794998,513106,60.77,39.23
289,28-02-2024,12:45:17,46246.7,46200,794998,513106,60.77,39.23
290,28-02-2024,12:45:17,46246.7,46200,794998,513106,60.77,39.23
291,28-02-2024,12:46:13,46225.45,46200,794998,513106,60.77,39.23
292,28-02-2024,12:46:13,46223.9,46200,794998,513106,60.77,39.23
293,28-02-2024,12:47:12,46193,46200,796061,510796,60.91,39.09
294,28-02-2024,12:47:13,46193,46200,796061,510796,60.91,39.09
295,28-02-2024,12:48:12,46181.1,46200,796061,510796,60.91,39.09
296,28-02-2024,12:49:12,46180,46200,796061,510796,60.91,39.09
297,28-02-2024,12:50:14,46198.15,46200,798572,508132,61.11,38.89
298,28-02-2024,12:51:13,46217.6,46200,798572,508132,61.11,38.89
299,28-02-2024,12:52:13,46199.55,46200,798572,508132,61.11,38.89
300,28-02-2024,12:53:11,46183.8,46200,804936,506895,61.36,38.64
301,28-02-2024,12:54:13,46197.35,46200,804936,506895,61.36,38.64
302,28-02-2024,12:55:12,46113.6,46100,520799,488508,51.6,48.4
303,28-02-2024,12:56:12,46101.35,46100,515052,462005,52.71,47.29
304,28-02-2024,12:57:12,46118.05,46100,515052,462005,52.71,47.29
305,28-02-2024,12:58:13,46127.85,46100,515052,462005,52.71,47.29
306,28-02-2024,12:59:12,46083.25,46100,525012,454132,53.62,46.38
307,28-02-2024,13:00:12,46084.1,46100,525012,454132,53.62,46.38
308,28-02-2024,13:01:12,46069.7,46100,525012,454132,53.62,46.38
309,28-02-2024,13:02:12,46098.7,46100,538018,447398,54.6,45.4
310,28-02-2024,13:03:14,46100.4,46100,538018,447398,54.6,45.4
311,28-02-2024,13:03:14,46100.4,46100,538018,447398,54.6,45.4
312,28-02-2024,13:04:11,46099.9,46100,538018,447398,54.6,45.4
313,28-02-2024,13:04:11,46099.9,46100,538018,447398,54.6,45.4
314,28-02-2024,13:05:11,46095.4,46100,568334,446440,56.01,43.99
315,28-02-2024,13:06:11,46101.65,46100,568334,446440,56.01,43.99
316,28-02-2024,13:07:11,46094.55,46100,568334,446440,56.01,43.99
317,28-02-2024,13:08:13,45988.3,46000,553476,409404,57.48,42.52
318,28-02-2024,13:09:12,45981,46000,553476,409404,57.48,42.52
319,28-02-2024,13:10:12,46019.4,46000,553476,409404,57.48,42.52
320,28-02-2024,13:11:12,46021.25,46000,586978,380421,60.68,39.32
321,28-02-2024,13:12:12,46010.75,46000,586978,380421,60.68,39.32
322,28-02-2024,13:13:12,46011.1,46000,586978,380421,60.68,39.32
323,28-02-2024,13:14:12,45950.9,46000,606243,389112,60.91,39.09
324,28-02-2024,13:15:12,45944.1,45900,470939,263054,64.16,35.84
325,28-02-2024,13:16:11,45975.2,46000,606243,389112,60.91,39.09
326,28-02-2024,13:17:11,46026.95,46000,601014,361021,62.47,37.53
327,28-02-2024,13:18:12,46006.5,46000,601014,361021,62.47,37.53
328,28-02-2024,13:19:12,46052.35,46100,565968,362126,60.98,39.02
329,28-02-2024,13:20:11,46048.7,46000,597817,379581,61.16,38.84
330,28-02-2024,13:21:13,46079.1,46100,563904,380755,59.69,40.31
331,28-02-2024,13:22:11,46059.05,46100,563904,380755,59.69,40.31
332,28-02-2024,13:23:12,46083,46100,566330,391171,59.15,40.85
333,28-02-2024,13:24:12,46104.45,46100,566330,391171,59.15,40.85
334,28-02-2024,13:25:12,46107.1,46100,566330,391171,59.15,40.85
335,28-02-2024,13:26:13,46133.25,46100,561380,412993,57.61,42.39
336,28-02-2024,13:27:12,46098.7,46100,561380,412993,57.61,42.39
337,28-02-2024,13:28:11,46107.1,46100,561380,412993,57.61,42.39
338,28-02-2024,13:29:11,46104.25,46100,564273,427016,56.92,43.08
339,28-02-2024,13:30:11,46157.25,46200,770389,426224,64.38,35.62
340,28-02-2024,13:31:12,46150.1,46200,770389,426224,64.38,35.62
341,28-02-2024,13:32:12,46219.75,46200,756846,426073,63.98,36.02
342,28-02-2024,13:33:11,46250.6,46300,821805,411168,66.65,33.35
343,28-02-2024,13:34:11,46222.3,46200,756846,426073,63.98,36.02
344,28-02-2024,13:35:15,46206,46200,723943,442108,62.09,37.91
345,28-02-2024,13:36:12,46229.95,46200,723943,442108,62.09,37.91
346,28-02-2024,13:37:12,46260.6,46300,793769,429359,64.9,35.1
347,28-02-2024,13:38:11,46216.85,46200,719455,469421,60.52,39.48
348,28-02-2024,13:39:11,46204.3,46200,719455,469421,60.52,39.48
349,28-02-2024,13:40:12,46217.05,46200,719455,469421,60.52,39.48
350,28-02-2024,13:41:11,46209.9,46200,737776,485959,60.29,39.71
351,28-02-2024,13:42:10,46197.95,46200,737776,485959,60.29,39.71
352,28-02-2024,13:43:12,46216.6,46200,737776,485959,60.29,39.71
353,28-02-2024,13:44:12,46232.2,46200,741170,502966,59.57,40.43
354,28-02-2024,13:45:12,46206.45,46200,741170,502966,59.57,40.43
355,28-02-2024,13:46:12,46210.55,46200,741170,502966,59.57,40.43
356,28-02-2024,13:47:11,46181.6,46200,747166,496385,60.08,39.92
357,28-02-2024,13:48:12,46176.5,46200,747166,496385,60.08,39.92
358,28-02-2024,13:49:12,46172.3,46200,747166,496385,60.08,39.92
359,28-02-2024,13:50:11,46203.8,46200,746936,502535,59.78,40.22
360,28-02-2024,13:51:11,46209,46200,746936,502535,59.78,40.22
361,28-02-2024,13:52:12,46212.75,46200,746936,502535,59.78,40.22
362,28-02-2024,13:53:11,46232.25,46200,756325,503903,60.01,39.99
363,28-02-2024,13:54:11,46237.3,46200,756325,503903,60.01,39.99
364,28-02-2024,13:55:11,46230.3,46200,756325,503903,60.01,39.99
365,28-02-2024,13:56:12,46234.65,46200,762656,502154,60.3,39.7
366,28-02-2024,13:57:11,46225.45,46200,762656,502154,60.3,39.7
367,28-02-2024,13:58:11,46203.45,46200,762656,502154,60.3,39.7
368,28-02-2024,13:59:11,46241.15,46200,750824,497364,60.15,39.85
369,28-02-2024,14:00:12,46230.5,46200,750824,497364,60.15,39.85
370,28-02-2024,14:01:11,46251.55,46300,803898,489304,62.16,37.84
371,28-02-2024,14:02:11,46248.45,46200,757835,507417,59.9,40.1
372,28-02-2024,14:03:12,46228.25,46200,757835,507417,59.9,40.1
373,28-02-2024,14:04:11,46237.15,46200,757835,507417,59.9,40.1
374,28-02-2024,14:05:12,46237.35,46200,758693,510219,59.79,40.21
375,28-02-2024,14:06:12,46257.65,46300,814109,505434,61.7,38.3
376,28-02-2024,14:07:11,46238.5,46200,758693,510219,59.79,40.21
377,28-02-2024,14:08:12,46242.7,46200,743130,498911,59.83,40.17
378,28-02-2024,14:09:13,46242.35,46200,743130,498911,59.83,40.17
379,28-02-2024,14:10:12,46244.8,46200,743130,498911,59.83,40.17
380,28-02-2024,14:11:11,46240.15,46200,757565,509408,59.79,40.21
381,28-02-2024,14:12:13,46245.6,46200,757565,509408,59.79,40.21
382,28-02-2024,14:13:11,46263.4,46300,810539,508105,61.47,38.53
383,28-02-2024,14:14:11,46253.25,46300,814582,521724,60.96,39.04
384,28-02-2024,14:15:12,46253.65,46300,814582,521724,60.96,39.04
385,28-02-2024,14:16:11,46238.4,46200,762483,517428,59.57,40.43
386,28-02-2024,14:17:12,46195.55,46200,755445,513759,59.52,40.48
387,28-02-2024,14:18:12,46214.9,46200,755445,513759,59.52,40.48
388,28-02-2024,14:19:13,46204.45,46200,755445,513759,59.52,40.48
389,28-02-2024,14:20:12,46194.35,46200,745195,516908,59.04,40.96
390,28-02-2024,14:21:14,46190.65,46200,745195,516908,59.04,40.96
391,28-02-2024,14:22:12,46185.3,46200,745195,516908,59.04,40.96
392,28-02-2024,14:23:12,46174.8,46200,743789,520656,58.82,41.18
393,28-02-2024,14:24:12,46171.8,46200,743789,520656,58.82,41.18
394,28-02-2024,14:25:11,46191.75,46200,743789,520656,58.82,41.18
395,28-02-2024,14:26:11,46196,46200,738286,521916,58.58,41.42
396,28-02-2024,14:27:12,46198.15,46200,738286,521916,58.58,41.42
397,28-02-2024,14:28:11,46229.45,46200,738286,521916,58.58,41.42
398,28-02-2024,14:29:12,46237.05,46200,745032,514462,59.15,40.85
399,28-02-2024,14:30:12,46231.2,46200,745032,514462,59.15,40.85
400,28-02-2024,14:31:11,46228.7,46200,745032,514462,59.15,40.85
401,28-02-2024,14:32:12,46214,46200,752367,511938,59.51,40.49
402,28-02-2024,14:33:12,46137.4,46100,529327,485651,52.15,47.85
403,28-02-2024,14:34:11,46073.35,46100,529327,485651,52.15,47.85
404,28-02-2024,14:35:13,46076.35,46100,516075,433495,54.35,45.65
405,28-02-2024,14:38:12,46085.85,46100,537256,438921,55.04,44.96
406,28-02-2024,14:39:12,46066.7,46100,537256,438921,55.04,44.96
407,28-02-2024,14:40:13,46072.1,46100,537256,438921,55.04,44.96
408,28-02-2024,14:41:12,46074.1,46100,550366,424203,56.47,43.53
409,28-02-2024,14:42:11,46058.15,46100,550366,424203,56.47,43.53
410,28-02-2024,14:43:13,46059.95,46100,550366,424203,56.47,43.53
411,28-02-2024,14:44:12,45997.75,46000,579255,387987,59.89,40.11
412,28-02-2024,14:45:13,46037.5,46000,579255,387987,59.89,40.11
413,28-02-2024,14:46:12,46063.5,46100,552458,392198,58.48,41.52
414,28-02-2024,14:47:12,46078.7,46100,548118,396671,58.01,41.99
415,28-02-2024,14:48:11,46108.9,46100,548118,396671,58.01,41.99
416,28-02-2024,14:49:12,46132.75,46100,548118,396671,58.01,41.99
417,28-02-2024,14:50:13,46103.65,46100,548090,393787,58.19,41.81
418,28-02-2024,14:51:12,46112.15,46100,548090,393787,58.19,41.81
419,28-02-2024,14:52:13,46109.85,46100,548090,393787,58.19,41.81
420,28-02-2024,14:53:12,46090.35,46100,551716,395786,58.23,41.77
421,28-02-2024,14:54:12,46062.2,46100,551716,395786,58.23,41.77
422,28-02-2024,14:55:12,46080,46100,551716,395786,58.23,41.77
423,28-02-2024,14:56:12,46070.85,46100,546402,401050,57.67,42.33
424,28-02-2024,14:57:12,46044.4,46000,573710,395877,59.17,40.83
425,28-02-2024,14:58:13,46022.8,46000,573710,395877,59.17,40.83
426,28-02-2024,14:59:12,46042.05,46000,583094,393674,59.7,40.3
427,28-02-2024,15:00:11,46033.35,46000,583094,393674,59.7,40.3
428,28-02-2024,15:01:12,46052.1,46100,546392,394277,58.09,41.91
429,28-02-2024,15:02:11,46080.3,46100,550988,384154,58.92,41.08
430,28-02-2024,15:03:11,46058.4,46100,550988,384154,58.92,41.08
431,28-02-2024,15:04:11,46067.25,46100,550988,384154,58.92,41.08
432,28-02-2024,15:05:11,46065.35,46100,553375,391933,58.54,41.46
433,28-02-2024,15:06:11,46078.45,46100,553375,391933,58.54,41.46
434,28-02-2024,15:07:11,46079.5,46100,553375,391933,58.54,41.46
435,28-02-2024,15:08:11,46079.3,46100,553278,388221,58.77,41.23
436,28-02-2024,15:09:12,46014.55,46000,593493,385298,60.64,39.36
437,28-02-2024,15:10:12,46010.2,46000,593493,385298,60.64,39.36
438,28-02-2024,15:11:12,45941.75,45900,469434,244680,65.74,34.26
439,28-02-2024,15:12:12,45935.5,45900,469434,244680,65.74,34.26
440,28-02-2024,15:13:12,45925.75,45900,469434,244680,65.74,34.26
441,28-02-2024,15:14:12,45958.05,46000,589868,347280,62.94,37.06
442,28-02-2024,15:15:12,45961.65,46000,589868,347280,62.94,37.06
443,28-02-2024,15:16:11,45930.55,45900,483424,231946,67.58,32.42
444,28-02-2024,15:17:12,45917.75,45900,481271,226861,67.96,32.04
445,28-02-2024,15:18:12,45930.4,45900,481271,226861,67.96,32.04
446,28-02-2024,15:19:12,45915.3,45900,481271,226861,67.96,32.04
447,28-02-2024,15:20:11,45920,45900,473634,222813,68.01,31.99
448,28-02-2024,15:21:12,45928.6,45900,473634,222813,68.01,31.99
449,28-02-2024,15:22:12,45949.85,45900,473634,222813,68.01,31.99
450,28-02-2024,15:23:12,45921.95,45900,447909,214189,67.65,32.35
451,28-02-2024,15:24:12,45930.3,45900,447909,214189,67.65,32.35
452,28-02-2024,15:25:12,45935.35,45900,447909,214189,67.65,32.35
453,28-02-2024,15:26:11,45918.3,45900,432434,208273,67.49,32.51
454,28-02-2024,15:27:13,45915.2,45900,432434,208273,67.49,32.51
455,28-02-2024,15:28:12,45904.15,45900,432434,208273,67.49,32.51
456,28-02-2024,15:29:11,45903.75,45900,419132,196215,68.11,31.89
457,28-02-2024,15:30:11,45909.25,45900,419132,190559,68.74,31.26
458,28-02-2024,15:31:11,45909.25,45900,419132,190559,68.74,31.26
459,28-02-2024,15:32:11,45963.15,46000,496323,284564,63.56,36.44
460,28-02-2024,15:33:12,45963.15,46000,496323,284564,63.56,36.44
461,29-02-2024,11:03:11,45838.05,45800,877182,703733,55.49,44.51
462,29-02-2024,11:04:10,45826.35,45800,877182,703733,55.49,44.51
463,29-02-2024,11:05:10,45812.75,45800,883800,724264,54.96,45.04
464,29-02-2024,11:06:12,45802.9,45800,883800,724264,54.96,45.04
465,29-02-2024,11:07:10,45791.35,45800,883800,724264,54.96,45.04
466,29-02-2024,11:08:11,45820.95,45800,906487,736102,55.19,44.81
467,29-02-2024,11:09:11,45837.15,45800,906487,736102,55.19,44.81
468,29-02-2024,11:10:12,45861.8,45900,898688,590328,60.35,39.65
469,29-02-2024,11:11:11,45856.05,45900,898874,611049,59.53,40.47
470,29-02-2024,11:12:10,45856.05,45900,898874,611049,59.53,40.47
471,29-02-2024,11:13:10,45866.15,45900,898874,611049,59.53,40.47
472,29-02-2024,11:14:11,45857.05,45900,939620,638806,59.53,40.47
473,29-02-2024,11:15:10,45904.55,45900,939620,638806,59.53,40.47
474,29-02-2024,11:16:11,45902.15,45900,939620,638806,59.53,40.47
475,29-02-2024,11:17:11,45892.15,45900,929307,646585,58.97,41.03
476,29-02-2024,11:18:11,45897,45900,929307,646585,58.97,41.03
477,29-02-2024,11:19:12,45865.85,45900,929307,646585,58.97,41.03
478,29-02-2024,11:20:11,45860.65,45900,955742,668976,58.83,41.17
479,29-02-2024,11:21:11,45865.15,45900,955742,668976,58.83,41.17
480,29-02-2024,11:22:13,45873.85,45900,955742,668976,58.83,41.17
481,29-02-2024,11:23:10,45876.65,45900,974537,692562,58.46,41.54
482,29-02-2024,11:24:11,45848.3,45800,951289,835793,53.23,46.77
483,29-02-2024,11:25:11,45866.55,45900,974537,692562,58.46,41.54
484,29-02-2024,11:26:10,45873.45,45900,976602,696838,58.36,41.64
485,29-02-2024,11:27:11,45881.6,45900,976602,696838,58.36,41.64
486,29-02-2024,11:28:11,45878.8,45900,976602,696838,58.36,41.64
487,29-02-2024,11:29:10,45812.15,45800,963310,841721,53.37,46.63
488,29-02-2024,11:30:11,45842.1,45800,963310,841721,53.37,46.63
489,29-02-2024,11:31:11,45852.4,45900,983536,696287,58.55,41.45
490,29-02-2024,11:32:11,45868.05,45900,987921,720839,57.82,42.18
491,29-02-2024,11:33:12,45894.25,45900,987921,720839,57.82,42.18
492,29-02-2024,11:34:11,45859.5,45900,987921,720839,57.82,42.18
493,29-02-2024,11:35:10,45867.65,45900,1008207,728583,58.05,41.95
494,29-02-2024,11:36:10,45872.7,45900,1008207,728583,58.05,41.95
495,29-02-2024,11:37:10,45869.55,45900,1008207,728583,58.05,41.95
496,29-02-2024,11:38:10,45867.1,45900,1033932,736901,58.39,41.61
497,29-02-2024,11:39:10,45876.25,45900,1033932,736901,58.39,41.61
498,29-02-2024,11:40:10,45862.75,45900,1033932,736901,58.39,41.61
499,29-02-2024,11:41:10,45868.65,45900,1052191,739563,58.72,41.28
500,29-02-2024,11:42:10,45882.15,45900,1052191,739563,58.72,41.28
501,29-02-2024,11:43:11,45862.45,45900,1052191,739563,58.72,41.28
502,29-02-2024,11:44:10,45899.1,45900,1046863,744248,58.45,41.55
503,29-02-2024,11:45:10,45867.65,45900,1046863,744248,58.45,41.55
504,29-02-2024,11:46:10,45861.75,45900,1046863,744248,58.45,41.55
505,29-02-2024,11:47:10,45875.55,45900,1054754,762122,58.05,41.95
506,29-02-2024,11:48:11,45885.75,45900,1054754,762122,58.05,41.95
507,29-02-2024,11:49:10,45847.9,45800,1027704,926269,52.6,47.4
508,29-02-2024,11:50:10,45860.55,45900,1062389,754402,58.48,41.52
509,29-02-2024,11:51:10,45859.25,45900,1062389,754402,58.48,41.52
510,29-02-2024,11:52:10,45854.05,45900,1062389,754402,58.48,41.52
511,29-02-2024,11:53:11,45857.15,45900,1073949,762610,58.48,41.52
512,29-02-2024,11:54:10,45876.55,45900,1073949,762610,58.48,41.52
513,29-02-2024,11:55:10,45898.85,45900,1073949,762610,58.48,41.52
514,29-02-2024,11:56:10,45898.85,45900,1071510,779063,57.9,42.1
515,29-02-2024,11:57:10,45899.25,45900,1071510,779063,57.9,42.1
516,29-02-2024,11:58:11,45926.6,45900,1071510,779063,57.9,42.1
517,29-02-2024,11:59:10,45866.25,45900,1051486,791853,57.04,42.96
518,29-02-2024,12:00:11,45885.4,45900,1051486,791853,57.04,42.96
519,29-02-2024,12:01:09,45881.15,45900,1051486,791853,57.04,42.96
520,29-02-2024,12:02:10,45879.65,45900,1077208,805716,57.21,42.79
521,29-02-2024,12:03:10,45890.15,45900,1077208,805716,57.21,42.79
522,29-02-2024,12:04:10,45885.85,45900,1077208,805716,57.21,42.79
523,29-02-2024,12:05:10,45900.15,45900,1096936,811968,57.46,42.54
524,29-02-2024,12:06:10,45883.4,45900,1096936,811968,57.46,42.54
525,29-02-2024,12:07:10,45893.45,45900,1096936,811968,57.46,42.54
526,29-02-2024,12:08:10,45909.4,45900,1116947,805515,58.1,41.9
527,29-02-2024,12:09:10,45874.9,45900,1116947,805515,58.1,41.9
528,29-02-2024,12:10:10,45869.95,45900,1116947,805515,58.1,41.9
529,29-02-2024,12:11:11,45875.3,45900,1131061,812501,58.2,41.8
530,29-02-2024,12:12:09,45862.05,45900,1131061,812501,58.2,41.8
531,29-02-2024,12:13:10,45872.15,45900,1131061,812501,58.2,41.8
532,29-02-2024,12:14:10,45879.35,45900,1134535,822461,57.97,42.03
533,29-02-2024,12:15:10,45888.95,45900,1134535,822461,57.97,42.03
534,29-02-2024,12:16:10,45880.15,45900,1134535,822461,57.97,42.03
535,29-02-2024,12:17:10,45888.2,45900,1143661,841966,57.6,42.4
536,29-02-2024,12:18:10,45884.4,45900,1143661,841966,57.6,42.4
537,29-02-2024,12:19:12,45829.25,45800,1084031,1005798,51.87,48.13
538,29-02-2024,12:20:11,45864.65,45900,1143914,810281,58.54,41.46
539,29-02-2024,12:21:11,45866.35,45900,1143914,810281,58.54,41.46
540,29-02-2024,12:22:10,45865,45900,1143914,810281,58.54,41.46
541,29-02-2024,12:23:13,45866.7,45900,1174694,823686,58.78,41.22
542,29-02-2024,12:24:10,45902.05,45900,1174694,823686,58.78,41.22
543,29-02-2024,12:25:11,45874.55,45900,1174694,823686,58.78,41.22
544,29-02-2024,12:26:11,45891.85,45900,1159013,845162,57.83,42.17
545,29-02-2024,12:27:10,45896.55,45900,1159013,845162,57.83,42.17
546,29-02-2024,12:28:11,45899.85,45900,1159013,845162,57.83,42.17
547,29-02-2024,12:29:10,45870.9,45900,1173815,854521,57.87,42.13
548,29-02-2024,12:30:09,45855,45900,1173815,854521,57.87,42.13
549,29-02-2024,12:31:10,45862.6,45900,1173815,854521,57.87,42.13
550,29-02-2024,12:32:12,45855.8,45900,1163009,865438,57.33,42.67
551,29-02-2024,12:33:12,45870.55,45900,1163009,865438,57.33,42.67
552,29-02-2024,12:34:10,45866.2,45900,1163009,865438,57.33,42.67
553,29-02-2024,12:35:10,45889.4,45900,1181893,892610,56.97,43.03
554,29-02-2024,12:36:10,45908.1,45900,1181893,892610,56.97,43.03
555,29-02-2024,12:37:10,45894.95,45900,1181893,892610,56.97,43.03
556,29-02-2024,12:38:09,45894.8,45900,1196381,891415,57.3,42.7
557,29-02-2024,12:39:12,45900.8,45900,1196381,891415,57.3,42.7
558,29-02-2024,12:40:10,45895.5,45900,1196381,891415,57.3,42.7
559,29-02-2024,12:41:11,45907.75,45900,1224823,904866,57.51,42.49
560,29-02-2024,12:42:10,45893.6,45900,1224823,904866,57.51,42.49
561,29-02-2024,12:43:13,45897.05,45900,1224823,904866,57.51,42.49
562,29-02-2024,12:44:12,45970.75,46000,1232819,856607,59,41
563,29-02-2024,12:45:10,46002.75,46000,1232819,856607,59,41
564,29-02-2024,12:46:09,46027.8,46000,1232819,856607,59,41
565,29-02-2024,12:47:10,45984.15,46000,1029181,878128,53.96,46.04
566,29-02-2024,12:48:11,45970.5,46000,1029181,878128,53.96,46.04
567,29-02-2024,12:49:10,45968.9,46000,1029181,878128,53.96,46.04
568,29-02-2024,12:50:11,45952.2,46000,1079043,921483,53.94,46.06
569,29-02-2024,12:51:11,45956.25,46000,1079043,921483,53.94,46.06
570,29-02-2024,12:52:11,45965.55,46000,1079043,921483,53.94,46.06
571,29-02-2024,12:53:11,45981.65,46000,1110106,975820,53.22,46.78
572,29-02-2024,12:54:10,45973.3,46000,1110106,975820,53.22,46.78
573,29-02-2024,12:55:10,46001.95,46000,1110106,975820,53.22,46.78
574,29-02-2024,12:56:11,45991.35,46000,1119562,1016912,52.4,47.6
575,29-02-2024,12:57:10,45996.35,46000,1119562,1016912,52.4,47.6
576,29-02-2024,12:58:09,45993.75,46000,1119562,1016912,52.4,47.6
577,29-02-2024,12:59:10,45989.6,46000,1136370,1044572,52.1,47.9
578,29-02-2024,13:00:10,45985.8,46000,1136370,1044572,52.1,47.9
579,29-02-2024,13:01:09,45995.4,46000,1136370,1044572,52.1,47.9
580,29-02-2024,13:02:10,45982,46000,1159824,1079943,51.78,48.22
581,29-02-2024,13:03:10,45988.2,46000,1159824,1079943,51.78,48.22
582,29-02-2024,13:04:10,45986.45,46000,1159824,1079943,51.78,48.22
583,29-02-2024,13:05:11,46007.65,46000,1152585,1098032,51.21,48.79
584,29-02-2024,13:06:10,46001.2,46000,1152585,1098032,51.21,48.79
585,29-02-2024,13:07:10,45991.25,46000,1152585,1098032,51.21,48.79
586,29-02-2024,13:08:10,45991.95,46000,1165197,1109398,51.23,48.77
587,29-02-2024,13:09:10,46010.95,46000,1165197,1109398,51.23,48.77
588,29-02-2024,13:10:10,46049.85,46000,1165197,1109398,51.23,48.77
589,29-02-2024,13:11:10,46038.85,46000,1068604,1128117,48.65,51.35
590,29-02-2024,13:12:09,46027.55,46000,1068604,1128117,48.65,51.35
591,29-02-2024,13:13:10,46065.6,46100,941029,875689,51.8,48.2
592,29-02-2024,13:14:10,46057.45,46100,935122,916432,50.5,49.5
593,29-02-2024,13:15:11,46081.25,46100,935122,916432,50.5,49.5
594,29-02-2024,13:16:10,46095,46100,935122,916432,50.5,49.5
595,29-02-2024,13:17:10,46123.65,46100,881564,980329,47.35,52.65
596,29-02-2024,13:18:11,46093.1,46100,881564,980329,47.35,52.65
597,29-02-2024,13:19:10,46097.7,46100,881564,980329,47.35,52.65
598,29-02-2024,13:20:10,46067.8,46100,872306,991252,46.81,53.19
599,29-02-2024,13:21:10,46068.25,46100,872306,991252,46.81,53.19
600,29-02-2024,13:22:10,46055.3,46100,872306,991252,46.81,53.19
601,29-02-2024,13:23:10,46055.25,46100,878781,1032696,45.97,54.03
602,29-02-2024,13:24:09,46074.55,46100,878781,1032696,45.97,54.03
603,29-02-2024,13:25:10,46072.45,46100,878781,1032696,45.97,54.03
604,29-02-2024,13:26:10,46083.1,46100,897288,1059597,45.85,54.15
605,29-02-2024,13:27:10,46059.95,46100,897288,1059597,45.85,54.15
606,29-02-2024,13:28:10,46087.65,46100,897288,1059597,45.85,54.15
607,29-02-2024,13:29:10,46080.05,46100,897052,1082013,45.33,54.67
608,29-02-2024,13:30:11,46086.85,46100,897052,1082013,45.33,54.67
609,29-02-2024,13:31:09,46061.45,46100,897052,1082013,45.33,54.67
610,29-02-2024,13:32:10,46106.75,46100,898840,1069575,45.66,54.34
611,29-02-2024,13:33:10,46106.75,46100,898840,1069575,45.66,54.34
612,29-02-2024,13:34:10,46097.75,46100,898840,1069575,45.66,54.34
613,29-02-2024,13:35:10,46108.55,46100,909434,1109667,45.04,54.96
614,29-02-2024,13:36:09,46100.3,46100,909434,1109667,45.04,54.96
615,29-02-2024,13:37:10,46085.65,46100,909434,1109667,45.04,54.96
616,29-02-2024,13:38:10,46082.6,46100,947219,1133683,45.52,54.48
617,29-02-2024,13:39:10,46047.75,46000,986455,1298327,43.18,56.82
618,29-02-2024,13:40:10,46013.15,46000,986455,1298327,43.18,56.82
619,29-02-2024,13:41:12,46016.2,46000,1023106,1305093,43.94,56.06
620,29-02-2024,13:42:11,46028.95,46000,1023106,1305093,43.94,56.06
621,29-02-2024,13:43:11,46026.7,46000,1023106,1305093,43.94,56.06
622,29-02-2024,13:44:11,46028.9,46000,1040990,1319658,44.1,55.9
623,29-02-2024,13:45:11,46032.25,46000,1040990,1319658,44.1,55.9
624,29-02-2024,13:46:10,46034.8,46000,1040990,1319658,44.1,55.9
625,29-02-2024,13:47:11,46054.85,46100,1001279,1168538,46.15,53.85
626,29-02-2024,13:48:11,46054.8,46100,1001279,1168538,46.15,53.85
627,29-02-2024,13:49:10,46093.9,46100,1001279,1168538,46.15,53.85
628,29-02-2024,13:50:12,46161.25,46200,1122069,888269,55.81,44.19
629,29-02-2024,13:51:11,46176.1,46200,1122069,888269,55.81,44.19
630,29-02-2024,13:52:11,46159.9,46200,1122069,888269,55.81,44.19
631,29-02-2024,13:53:11,46145.15,46100,833913,1210648,40.79,59.21
632,29-02-2024,13:54:11,46154.3,46200,1084872,979316,52.56,47.44
633,29-02-2024,13:55:11,46155.05,46200,1084872,979316,52.56,47.44
634,29-02-2024,13:56:11,46150.55,46200,1116042,1018739,52.28,47.72
635,29-02-2024,13:57:11,46146.65,46100,852212,1245857,40.62,59.38
636,29-02-2024,13:58:11,46133.55,46100,852212,1245857,40.62,59.38
637,29-02-2024,13:59:11,46148.8,46100,862486,1281714,40.22,59.78
638,29-02-2024,14:00:11,46156.7,46200,1127202,1046604,51.85,48.15
639,29-02-2024,14:01:11,46131.95,46100,862486,1281714,40.22,59.78
640,29-02-2024,14:02:11,46118.55,46100,907565,1284737,41.4,58.6
641,29-02-2024,14:03:11,46103.4,46100,907565,1284737,41.4,58.6
642,29-02-2024,14:04:12,46088.6,46100,907565,1284737,41.4,58.6
643,29-02-2024,14:05:11,46082.65,46100,945133,1272778,42.61,57.39
644,29-02-2024,14:06:11,46102.45,46100,945133,1272778,42.61,57.39
645,29-02-2024,14:07:12,46114,46100,945133,1272778,42.61,57.39
646,29-02-2024,14:08:11,46109.45,46100,977763,1331528,42.34,57.66
647,29-02-2024,14:09:11,46112.55,46100,977763,1331528,42.34,57.66
648,29-02-2024,14:10:11,46098.9,46100,977763,1331528,42.34,57.66
649,29-02-2024,14:11:11,46115.15,46100,1001912,1375670,42.14,57.86
650,29-02-2024,14:12:11,46117.9,46100,1001912,1375670,42.14,57.86
651,29-02-2024,14:13:10,46117.45,46100,1001912,1375670,42.14,57.86
652,29-02-2024,14:14:11,46107.5,46100,1030777,1379849,42.76,57.24
653,29-02-2024,14:15:10,46137.85,46100,1030777,1379849,42.76,57.24
654,29-02-2024,14:16:10,46146.55,46100,1030777,1379849,42.76,57.24
655,29-02-2024,14:17:11,46157.55,46200,1265658,1169763,51.97,48.03
656,29-02-2024,14:18:11,46148.35,46100,993017,1399272,41.51,58.49
657,29-02-2024,14:19:11,46118.9,46100,993017,1399272,41.51,58.49
658,29-02-2024,14:20:11,46119.15,46100,1026555,1421097,41.94,58.06
659,29-02-2024,14:21:10,46089.55,46100,1026555,1442776,41.57,58.43
660,29-02-2024,14:22:11,46096.95,46100,1026555,1442776,41.57,58.43
661,29-02-2024,14:23:11,46111.55,46100,1065892,1507633,41.42,58.58
662,29-02-2024,14:24:12,46137.95,46100,1065892,1507633,41.42,58.58
663,29-02-2024,14:25:10,46128.6,46100,1065892,1507633,41.42,58.58
664,29-02-2024,14:26:11,46129.5,46100,1095673,1516220,41.95,58.05
665,29-02-2024,14:27:11,46158.9,46200,1333960,1325705,50.16,49.84
666,29-02-2024,14:28:10,46165.65,46200,1333960,1325705,50.16,49.84
667,29-02-2024,14:29:11,46140.35,46100,1077754,1551486,40.99,59.01
668,29-02-2024,14:30:11,46129.05,46100,1077754,1569608,40.71,59.29
669,29-02-2024,14:31:11,46119.3,46100,1077754,1569608,40.71,59.29
670,29-02-2024,14:32:10,46102.55,46100,1088878,1569608,40.96,59.04
671,29-02-2024,14:33:12,46055.75,46100,1117438,1590727,41.26,58.74
672,29-02-2024,14:34:11,46031.4,46000,1044288,1558993,40.11,59.89
673,29-02-2024,14:35:11,46040.95,46000,1074957,1558993,40.81,59.19
674,29-02-2024,14:36:11,46045.55,46000,1107595,1524131,42.09,57.91
675,29-02-2024,14:37:10,46037.7,46000,1107595,1524131,42.09,57.91
676,29-02-2024,14:38:10,46071.85,46100,1156723,1480321,43.86,56.14
677,29-02-2024,14:39:11,46083.85,46100,1169071,1478990,44.15,55.85
678,29-02-2024,14:40:10,46106.6,46100,1169071,1478990,44.15,55.85
679,29-02-2024,14:41:11,46120.3,46100,1167004,1478990,44.1,55.9
680,29-02-2024,14:42:10,46114.1,46100,1177564,1591786,42.52,57.48
681,29-02-2024,14:43:11,46203.6,46200,1318681,1362641,49.18,50.82
682,29-02-2024,14:44:10,46261.7,46300,1197842,1048215,53.33,46.67
683,29-02-2024,14:45:11,46270.2,46300,1068440,1116217,48.91,51.09
684,29-02-2024,14:46:11,46270.2,46300,1068440,1116217,48.91,51.09
685,29-02-2024,14:47:11,46265.1,46300,1070945,1116217,48.97,51.03
686,29-02-2024,14:48:11,46235.9,46200,979836,1326095,42.49,57.51
687,29-02-2024,14:49:11,46234.05,46200,979836,1326095,42.49,57.51
688,29-02-2024,14:50:11,46228.35,46200,1012691,1326095,43.3,56.7
689,29-02-2024,14:51:11,46214.9,46200,1061741,1338124,44.24,55.76
690,29-02-2024,14:52:11,46252.5,46300,1143914,1199584,48.81,51.19
691,29-02-2024,14:53:10,46249.35,46200,1060042,1338124,44.2,55.8
692,29-02-2024,14:54:11,46257.9,46300,1167863,1279677,47.72,52.28
693,29-02-2024,14:55:10,46184.35,46200,1058290,1367748,43.62,56.38
694,29-02-2024,14:56:11,46134.05,46100,844349,1329209,38.85,61.15
695,29-02-2024,14:57:11,46135,46100,883788,1359740,39.39,60.61
696,29-02-2024,14:58:11,46090.9,46100,883788,1359740,39.39,60.61
697,29-02-2024,14:59:11,46046.5,46000,750370,1218893,38.1,61.9
698,29-02-2024,15:00:11,46075.45,46100,970467,1110149,46.64,53.36
699,29-02-2024,15:01:11,45984.95,46000,845452,1116056,43.1,56.9
700,29-02-2024,15:02:11,45978.2,46000,845452,1116056,43.1,56.9
701,29-02-2024,15:03:11,45978.75,46000,1021640,1132653,47.42,52.58
702,29-02-2024,15:04:11,45993.85,46000,1021640,1132653,47.42,52.58
703,29-02-2024,15:05:11,45977.5,46000,1021640,1132653,47.42,52.58
704,29-02-2024,15:06:11,45981.8,46000,1155005,1273687,47.56,52.44
705,29-02-2024,15:07:11,46038.4,46000,1155005,1273687,47.56,52.44
706,29-02-2024,15:08:11,46034.75,46000,1155005,1273687,47.56,52.44
707,29-02-2024,15:09:11,46039.45,46000,1219299,1398719,46.57,53.43
708,29-02-2024,15:10:11,46068.65,46100,1155777,1280505,47.44,52.56
709,29-02-2024,15:11:11,46094.2,46100,1155777,1280505,47.44,52.56
710,29-02-2024,15:12:11,46114.45,46100,1187147,1342415,46.93,53.07
711,29-02-2024,15:13:10,46124,46100,1187147,1342415,46.93,53.07
712,29-02-2024,15:14:10,46114.75,46100,1187147,1342415,46.93,53.07
713,29-02-2024,15:15:11,46146.6,46100,1272347,1259117,50.26,49.74
714,29-02-2024,15:16:11,46203.65,46200,1266149,1207096,51.19,48.81
715,29-02-2024,15:17:12,46206.25,46200,1266149,1207096,51.19,48.81
716,29-02-2024,15:18:10,46147.15,46100,1246187,1168633,51.61,48.39
717,29-02-2024,15:19:10,46164.6,46200,1304037,1184113,52.41,47.59
718,29-02-2024,15:20:10,46193.45,46200,1304037,1184113,52.41,47.59
719,29-02-2024,15:21:12,46236.15,46200,1280150,1115609,53.43,46.57
720,29-02-2024,15:22:10,46245.05,46200,1280150,1115609,53.43,46.57
721,29-02-2024,15:23:11,46259.65,46300,884687,977888,47.5,52.5
722,29-02-2024,15:24:12,46273.75,46300,871385,949847,47.85,52.15
723,29-02-2024,15:25:11,46282.9,46300,871385,949847,47.85,52.15
724,29-02-2024,15:26:11,46291.75,46300,871385,949847,47.85,52.15
725,29-02-2024,15:27:11,46310.75,46300,809217,873055,48.1,51.9
726,29-02-2024,15:28:11,46302.9,46300,809217,873055,48.1,51.9
727,29-02-2024,15:29:11,46266.75,46300,809217,873055,48.1,51.9
728,29-02-2024,15:30:11,46266.2,46300,752909,835834,47.39,52.61
729,29-02-2024,15:31:10,46266.2,46300,752909,835834,47.39,52.61
730,29-02-2024,15:32:11,46266.2,46300,752909,835834,47.39,52.61
731,29-02-2024,15:33:11,46120.9,46100,933442,852612,52.26,47.74
